feature,importance
area,0.7292432477469271
bedrooms,0.07134818484587571
parking,0.046998340367471005
stories,0.0362974098584756
airconditioning,0.034158061483421105
prefarea,0.027582249964946768
furnishingstatus,0.020983311872686445
bathrooms,0.01637275594777013
basement,0.01049550513777496
guestroom,0.005537866734975733
mainroad,0.000983066039675654
hotwaterheating,0.0
